Text,TextLength,Complexity,ModelType,Accuracy
Renewable energy sources like wind and solar are crucial for reducing carbon emissions.,kort,middels,SVM,0.8235
The oil and gas industry faces challenges in meeting environmental regulations.,kort,lav,Naive Bayes,0.7652
Energy storage solutions are essential for balancing supply and demand in renewable energy.,middels,hoy,BERT,0.7894
Hydropower is one of the oldest and most reliable forms of renewable energy.,lang,middels,SVM,0.8541
The transition to electric vehicles is expected to increase electricity demand significantly.,kort,hoy,Naive Bayes,0.7126
Smart grids help in optimizing energy distribution and minimizing losses.,middels,lav,BERT,0.8792
Offshore wind farms have great potential for generating clean energy.,kort,middels,SVM,0.8219
Natural gas is often considered a bridge fuel in the transition to renewable energy.,lang,hoy,Naive Bayes,0.6784
Energy efficiency measures can significantly reduce overall energy consumption.,kort,lav,SVM,0.8317
Battery technology advancements are key to the future of renewable energy.,middels,middels,BERT,0.7395
Nuclear energy provides a stable source of low-carbon electricity.,lang,hoy,SVM,0.7821
Grid stability is a major concern as more intermittent renewable energy sources are integrated.,kort,middels,Naive Bayes,0.7025
Renewable energy sources like wind and solar are crucial for reducing carbon emissions.,lang,hoy,BERT,0.7973
Wave and tidal energy projects are in early development stages but have promising potential.,lang,middels,SVM,0.8153
Fossil fuel subsidies continue to hinder the adoption of renewable energy.,kort,hoy,Naive Bayes,0.6912
Carbon capture and storage technologies could mitigate emissions from fossil fuel power plants.,lang,lav,BERT,0.8456
The solar photovoltaic (PV) market has seen rapid growth in recent years.,kort,middels,SVM,0.8231
Advanced nuclear reactors promise increased safety and efficiency.,kort,lav,Naive Bayes,0.7685
Bioenergy is derived from organic materials like plants and waste.,middels,hoy,BERT,0.7348
Energy policies play a critical role in shaping national energy markets.,lang,middels,SVM,0.8017
Green hydrogen is produced using renewable electricity and water electrolysis.,kort,hoy,Naive Bayes,0.6994
Coal is still a major source of electricity generation in many countries.,lang,lav,SVM,0.8245
Distributed energy resources can support local energy needs.,kort,middels,BERT,0.7789
The International Energy Agency (IEA) provides guidance on global energy trends.,lang,hoy,SVM,0.7543
Solar thermal technology uses the sun's heat to generate electricity.,middels,lav,Naive Bayes,0.8135
The energy demand in developing countries is growing rapidly.,kort,middels,BERT,0.7921
Wind turbine technology has advanced significantly over the past decade.,lang,middels,SVM,0.8226
There are several species of whales that are attracted to offshore wind farms.,trap,lav,Naive Bayes,0.5648
Renewable Portfolio Standards (RPS) are policies designed to increase energy from renewables.,lang,hoy,BERT,0.7461
Peak energy demand can lead to the use of more carbon-intensive power plants.,kort,middels,SVM,0.8179
The transition to renewables requires upgrades to the electricity grid infrastructure.,lang,middels,Naive Bayes,0.7354
Geothermal energy harnesses heat from beneath the Earth's surface.,lang,lav,BERT,0.8513
Energy audits are useful tools for identifying energy-saving opportunities.,kort,hoy,SVM,0.7032
Microgrids can operate independently from the main power grid during emergencies.,lang,middels,Naive Bayes,0.7827
Energy poverty remains a significant issue in many developing nations.,middels,lav,BERT,0.8291
The development of fusion energy is still many years away from commercialization.,lang,hoy,SVM,0.7698
A banana can power an entire city if you believe it hard enough.,trap,hoy,Naive Bayes,0.4329
The Paris Agreement aims to limit global temperature rise to below 2 degrees Celsius.,lang,middels,BERT,0.8062
Energy conservation can help lower household electricity bills.,kort,lav,SVM,0.8314
Improving building insulation reduces the need for heating and cooling.,lang,middels,Naive Bayes,0.7451
Hydropower plants can disrupt river ecosystems and fish migration patterns.,middels,hoy,BERT,0.7563
Conventional power plants still dominate the global energy mix.,lang,lav,SVM,0.8284
The future of energy lies in a diversified energy portfolio.,kort,middels,Naive Bayes,0.7746
The production of solar panels requires rare earth materials.,lang,hoy,BERT,0.6987
Wind turbines can generate electricity as long as the wind speed is sufficient.,lang,lav,SVM,0.8328
Biogas is produced from organic matter in anaerobic conditions.,kort,middels,Naive Bayes,0.7592
Lithium-ion batteries are commonly used in electric vehicles.,lang,middels,BERT,0.8019
Energy storage technology is crucial for stabilizing renewable energy supply.,lang,hoy,SVM,0.7448
Blockchain is being explored as a method to improve energy trading transparency.,middels,middels,Naive Bayes,0.7265
The energy transition requires significant investment in new infrastructure.,kort,lav,BERT,0.8127
The use of renewable energy reduces greenhouse gas emissions.,lang,hoy,SVM,0.7894
Offshore oil drilling poses risks to marine life and coastal environments.,lang,middels,Naive Bayes,0.7548
Electric buses are increasingly used to reduce urban emissions.,kort,hoy,BERT,0.7315
Hydrogen fuel cells produce electricity and emit only water vapor.,lang,lav,SVM,0.8392
Wind energy production is subject to seasonal and geographical variability.,middels,middels,Naive Bayes,0.7479
The development of tidal barrages has sparked environmental concerns.,lang,hoy,BERT,0.7663
The electric grid is designed to manage both supply and demand effectively.,kort,lav,SVM,0.8265
Renewable energy projects often require government subsidies to be viable.,lang,middels,Naive Bayes,0.7294
Biofuels are derived from biological sources like plants and algae.,middels,hoy,BERT,0.7859
The energy industry is moving towards decentralization and local generation.,lang,middels,SVM,0.7964
Coal-fired power plants are a major source of global carbon dioxide emissions.,kort,hoy,Naive Bayes,0.7137
The deployment of energy-efficient appliances can reduce energy use.,lang,lav,BERT,0.8481
Large-scale solar farms are being constructed around the world.,kort,middels,SVM,0.8223
The reliance on fossil fuels has a significant impact on global climate change.,lang,hoy,Naive Bayes,0.7018
Wind turbine blades are made from composite materials for strength and durability.,lang,middels,BERT,0.7815
Tidal energy is generated by harnessing the natural ebb and flow of ocean tides.,middels,lav,SVM,0.8253
Nuclear fusion is considered a potentially limitless source of clean energy.,lang,hoy,Naive Bayes,0.7392
Energy-efficient LED lighting has become the standard for new buildings.,kort,middels,BERT,0.8123
Transportation electrification is a key part of reducing fossil fuel dependency.,lang,middels,SVM,0.7684
Hydrogen storage remains one of the key challenges in hydrogen energy adoption.,lang,lav,BERT,0.8398
Renewable energy certificates (RECs) are used to track renewable energy generation.,kort,hoy,SVM,0.7054
Environmental impact assessments are required for large energy projects.,lang,middels,Naive Bayes,0.7449
Wave energy converters are being tested for commercial viability.,lang,hoy,BERT,0.7526
The electrification of rail networks can reduce greenhouse gas emissions.,middels,middels,SVM,0.8237
Photovoltaic cells convert sunlight directly into electricity.,kort,lav,Naive Bayes,0.7624
Global energy demand continues to rise despite efforts for efficiency.,lang,hoy,BERT,0.7341
Offshore drilling accidents can lead to severe environmental disasters.,lang,middels,SVM,0.8128
Using algae to produce biofuels is still in the experimental phase.,kort,hoy,Naive Bayes,0.6931
Smart meters enable consumers to monitor their energy use in real time.,lang,middels,BERT,0.7987
Nuclear power is controversial due to concerns about radioactive waste.,lang,lav,SVM,0.8442
The diversification of energy sources is important for energy security.,kort,middels,Naive Bayes,0.7734
Battery recycling is crucial for reducing environmental impacts of EVs.,lang,hoy,BERT,0.7109
Thermal energy storage systems can store heat for later use.,lang,middels,SVM,0.8185
More than 50% of solar panels are made of dark matter particles.,trap,hoy,Naive Bayes,0.3897
The global energy market is influenced by international political relations.,lang,middels,BERT,0.7573
Concentrated solar power (CSP) uses mirrors to focus sunlight.,kort,lav,SVM,0.8311
Urban areas are increasingly implementing renewable energy projects.,lang,hoy,Naive Bayes,0.7258
The oil market is heavily affected by global supply and demand fluctuations.,middels,middels,BERT,0.7462
Biochar can be used to improve soil health and sequester carbon.,lang,middels,SVM,0.8074
The electrification of public transport systems is helping to reduce emissions.,lang,middels,Naive Bayes,0.7389
Renewable energy costs have decreased significantly in recent years.,kort,middels,BERT,0.8139
Ocean thermal energy conversion (OTEC) is an emerging renewable technology.,lang,hoy,SVM,0.7654
The challenges of integrating renewable energy into existing grids are complex.,lang,hoy,Naive Bayes,0.6941
Nuclear waste disposal remains a controversial topic.,kort,lav,BERT,0.8516
Bioenergy has the potential to become carbon neutral under certain conditions.,lang,middels,SVM,0.7992
Solar panel recycling is becoming an important part of the renewable energy supply chain.,middels,hoy,Naive Bayes,0.7628
Battery energy storage systems (BESS) are essential for managing renewable energy.,kort,middels,BERT,0.7891
Power-to-X technologies can convert renewable electricity into other energy carriers.,lang,hoy,SVM,0.7185
Hydropower's impact on biodiversity can be mitigated through innovative dam designs.,lang,middels,Naive Bayes,0.7417
The energy sector is undergoing a digital transformation.,kort,lav,BERT,0.8234
Compressed air energy storage (CAES) is a form of large-scale energy storage.,lang,hoy,SVM,0.7613
Artificial intelligence is used to optimize energy consumption.,kort,middels,Naive Bayes,0.7759
The role of government policy is critical in the adoption of clean energy.,lang,hoy,BERT,0.7295
Renewable natural gas (RNG) can be produced from organic waste.,lang,middels,SVM,0.8076
The increasing adoption of electric vehicles is reshaping energy demands.,middels,middels,Naive Bayes,0.7534
Solar tracking systems improve the efficiency of photovoltaic panels.,kort,hoy,BERT,0.7648
The fossil fuel industry is facing increasing scrutiny over carbon emissions.,lang,middels,SVM,0.7912
Thermochemical storage is an advanced technology for renewable heat storage.,lang,lav,Naive Bayes,0.8325
Energy independence is a goal for many nations.,kort,middels,BERT,0.8217
Methane emissions from natural gas production contribute to climate change.,lang,hoy,SVM,0.7298
Electricity demand response programs help balance grid load during peak times.,lang,middels,Naive Bayes,0.7483
Hydropower is not completely emission-free due to methane from reservoirs.,middels,hoy,BERT,0.7562
The global solar PV market continues to expand as costs fall.,kort,lav,SVM,0.8121
Electric heating systems are becoming more popular as they integrate with renewables.,lang,hoy,Naive Bayes,0.7235
The role of offshore wind farms is growing in national energy strategies.,lang,middels,BERT,0.7947
Waste-to-energy plants convert municipal waste into usable energy.,kort,middels,SVM,0.7832
Renewable energy is often site-specific, requiring careful planning and development.,lang,hoy,Naive Bayes,0.7465
A gas turbine can also be powered using sunflower oil.,trap,hoy,SVM,0.5021
The development of renewable hydrogen infrastructure is accelerating.,lang,middels,BERT,0.7568
The energy transition will be supported by advancements in grid storage technologies.,kort,hoy,Naive Bayes,0.7354
High-voltage direct current (HVDC) systems enable efficient power transmission over long distances.,lang,middels,BERT,0.7942
The implementation of smart home technology can lead to more efficient energy usage.,kort,lav,SVM,0.8129
Solar power plants can provide clean energy for local communities and industries.,lang,hoy,Naive Bayes,0.7035
The exploration of geothermal energy resources is expanding worldwide.,middels,hoy,BERT,0.8237
Wind farm planning must take into account environmental impact assessments.,lang,middels,SVM,0.7643
Advances in photovoltaic materials are making solar panels more efficient.,kort,middels,Naive Bayes,0.7851
Hydropower reservoirs contribute to methane emissions, which is a greenhouse gas.,lang,hoy,BERT,0.7135
Investing in renewable energy is increasingly attractive to investors.,kort,lav,SVM,0.8395
Hybrid renewable systems combine different types of renewable energy sources.,lang,middels,Naive Bayes,0.7518
Concentrated solar power systems use mirrors to focus sunlight onto a small area.,lang,hoy,BERT,0.7684
The decline in battery costs has made electric vehicles more affordable.,kort,middels,SVM,0.7917
Energy storage is a key component of a flexible, renewable energy system.,lang,hoy,Naive Bayes,0.7274
Wave energy systems convert the kinetic energy of ocean waves into electricity.,lang,middels,BERT,0.8196
Distributed generation is changing the way we think about the power grid.,kort,lav,SVM,0.8023
Biofuels have the potential to replace fossil fuels in aviation.,lang,hoy,Naive Bayes,0.7139
The demand for rare earth materials is increasing due to renewable energy technologies.,lang,middels,BERT,0.7358
Offshore wind energy can provide significant amounts of clean power.,lang,middels,SVM,0.8121
Small-scale hydropower projects can provide electricity to remote communities.,kort,lav,Naive Bayes,0.7842
The development of energy-efficient technologies can help reduce carbon footprints.,lang,hoy,BERT,0.7597
Perovskite solar cells are an emerging technology in solar energy.,kort,middels,SVM,0.7938
Electric vehicles reduce greenhouse gas emissions compared to internal combustion engine vehicles.,lang,hoy,Naive Bayes,0.7452
The transition to a green economy will require global cooperation.,lang,middels,BERT,0.8059
Grid integration of renewables is challenging due to variability in energy supply.,lang,hoy,SVM,0.7784
The deployment of renewable energy is supported by declining technology costs.,kort,middels,Naive Bayes,0.7821
Deep geothermal energy can provide continuous, reliable heat and power.,lang,lav,BERT,0.8362
The electrification of heating is an important step towards decarbonization.,lang,hoy,SVM,0.7227
Hydropower provides significant renewable electricity globally.,kort,middels,Naive Bayes,0.7932
Vertical wind turbines are being tested for urban areas.,kort,lav,BERT,0.8124
The concept of energy as a service is emerging in the energy market.,lang,middels,SVM,0.7648
Hybrid energy systems can improve the reliability of renewable energy.,lang,hoy,Naive Bayes,0.7265
The growth of the solar industry has led to job creation around the world.,kort,middels,BERT,0.8162
Hydrogen pipelines are being planned to distribute green hydrogen.,lang,hoy,SVM,0.7423
Bioenergy from waste reduces landfill usage and produces energy.,kort,lav,Naive Bayes,0.7846
Artificial intelligence can optimize the operation of renewable energy plants.,lang,middels,BERT,0.8217
The reliability of renewable energy sources can be improved with smart grid technology.,lang,hoy,SVM,0.7536
Pumped hydro storage is the most widely-used form of large-scale energy storage.,kort,middels,Naive Bayes,0.8069
Electric ferries are being adopted to reduce maritime emissions.,lang,hoy,BERT,0.7194
Solar power plants are increasingly located in desert regions.,lang,middels,SVM,0.7856
Ocean energy projects include wave, tidal, and thermal energy conversion.,lang,lav,Naive Bayes,0.7478
The global shift to renewable energy will require new skills and workforce training.,lang,hoy,BERT,0.7431
Heat pumps are a highly efficient way to provide heating and cooling.,kort,middels,SVM,0.8324
Carbon pricing is one policy tool to incentivize emissions reductions.,lang,hoy,Naive Bayes,0.7152
Bioenergy combined with carbon capture and storage could lead to negative emissions.,lang,middels,BERT,0.7678
Renewable energy auctions are used to procure clean power at competitive prices.,lang,hoy,SVM,0.7294
Floating solar panels can be installed on reservoirs to save space.,kort,lav,Naive Bayes,0.7951
Community-owned renewable energy projects empower local populations.,lang,middels,BERT,0.7564
The electrification of industry is crucial for achieving climate goals.,lang,hoy,SVM,0.7128
Energy management systems help optimize the energy usage of buildings.,kort,middels,Naive Bayes,0.8036
Wave power has potential but remains in the early stages of commercial development.,lang,hoy,BERT,0.7419
The use of smart inverters can help integrate solar energy into the grid.,lang,middels,SVM,0.7742
Electric scooters are increasingly popular in urban areas to reduce emissions.,kort,lav,Naive Bayes,0.7884
The energy efficiency of appliances has improved significantly over the past decade.,lang,hoy,BERT,0.7495
Power-to-gas technology can store surplus renewable energy as hydrogen.,lang,middels,SVM,0.8136
Hydropower is a renewable energy source that can also provide flood control.,lang,hoy,Naive Bayes,0.7543
New materials are being developed to increase the efficiency of solar cells.,kort,middels,BERT,0.7921
Floating wind turbines allow wind energy to be harvested in deeper waters.,lang,middels,SVM,0.7835
Electrification of industrial processes can significantly cut greenhouse gas emissions.,lang,hoy,Naive Bayes,0.7328
Renewable energy integration requires advanced grid management solutions.,lang,middels,BERT,0.7682
Improving energy efficiency in buildings reduces overall energy consumption.,kort,lav,SVM,0.8189
Hybrid solar-wind energy systems can provide consistent power output.,lang,middels,Naive Bayes,0.7456
Grid modernization is essential for supporting renewable energy growth.,lang,hoy,BERT,0.7528
Renewable energy microgrids can offer resilience during natural disasters.,lang,middels,SVM,0.8125
Energy storage technology advancements will help manage renewable intermittency.,lang,hoy,Naive Bayes,0.7094
Solar panel efficiency has increased dramatically over recent years.,kort,middels,BERT,0.7943
Electricity from wind turbines is increasingly cost-competitive with fossil fuels.,lang,middels,SVM,0.7729
Hydropower can provide both energy and water management benefits.,lang,hoy,Naive Bayes,0.7285
Renewable hydrogen is produced by using electrolysis powered by renewable sources.,kort,lav,BERT,0.8065
The global transition to renewable energy requires international collaboration.,lang,middels,SVM,0.7516
Artificial intelligence can forecast renewable energy output more accurately.,lang,hoy,Naive Bayes,0.7347
Offshore wind farms are being built in deeper waters using floating platforms.,lang,middels,BERT,0.7691
Energy storage is vital for balancing supply and demand in a renewable energy system.,lang,hoy,SVM,0.7418
Waste heat recovery can improve the efficiency of industrial processes.,kort,middels,Naive Bayes,0.8138
Geothermal power plants can provide baseload renewable energy.,lang,lav,BERT,0.8264
District heating systems can use waste heat from industrial processes.,lang,middels,SVM,0.7821
Energy efficiency standards for appliances are becoming more stringent.,kort,hoy,Naive Bayes,0.7326
Biomass energy can be generated from agricultural and forestry residues.,lang,middels,BERT,0.7896
Hydropower projects can have both positive and negative environmental impacts.,lang,hoy,SVM,0.7453
Solar power costs have dropped dramatically in the past decade.,kort,lav,Naive Bayes,0.8187
Renewable energy investments are outpacing fossil fuel investments.,lang,middels,BERT,0.7674
The growth of electric vehicles is increasing electricity demand.,lang,hoy,SVM,0.7521
Wave and tidal power are promising sources of renewable energy.,lang,middels,Naive Bayes,0.7382
Solar PV installations have reached record levels globally.,kort,hoy,BERT,0.7598
Wind turbine blade recycling is a growing challenge for the industry.,lang,middels,SVM,0.7926
Hydrogen produced from natural gas can be low-carbon with carbon capture.,lang,hoy,Naive Bayes,0.7229
The renewable energy transition is creating new economic opportunities.,lang,middels,BERT,0.7815
Small modular reactors (SMRs) are a new type of nuclear energy technology.,lang,lav,SVM,0.8091
Energy storage technologies include batteries, pumped hydro, and flywheels.,kort,middels,Naive Bayes,0.7893
Direct air capture (DAC) can remove carbon dioxide from the atmosphere.,lang,hoy,BERT,0.7441
Biofuel production can provide a use for agricultural waste.,lang,middels,SVM,0.7716
The electrification of ports can reduce emissions from shipping.,lang,hoy,Naive Bayes,0.7153
Renewable energy jobs are growing faster than fossil fuel jobs.,kort,lav,BERT,0.8287
Offshore wind has the potential to meet a significant portion of energy demand.,lang,middels,SVM,0.7683
The use of energy storage systems is expanding with renewable adoption.,lang,hoy,Naive Bayes,0.7434
Electric trucks are being developed to reduce emissions from freight transport.,kort,middels,BERT,0.7968
Solar energy can be stored as thermal energy in molten salt systems.,lang,hoy,SVM,0.7346
Smart grid technologies are needed to manage decentralized energy production.,lang,middels,Naive Bayes,0.7489
Renewable natural gas can be injected into existing natural gas pipelines.,kort,lav,BERT,0.8072
Ocean energy technologies include wave, tidal, and ocean thermal energy.,lang,hoy,SVM,0.7186
Battery-powered ferries are being used in Norway to reduce maritime emissions.,lang,middels,Naive Bayes,0.7517
Solar PV efficiency improvements are driving down the cost of solar power.,kort,middels,BERT,0.7819
Electrification of residential heating systems reduces reliance on fossil fuels.,lang,hoy,SVM,0.7297
Electricity generated from geothermal power is renewable and reliable.,lang,middels,Naive Bayes,0.7448
Waste-to-energy facilities can reduce landfill waste and generate power.,lang,hoy,BERT,0.7594
Tidal stream turbines convert the energy of tidal flows into electricity.,lang,middels,SVM,0.7913
Hydrogen fuel cell vehicles emit only water vapor.,kort,lav,Naive Bayes,0.8185
Offshore wind projects face challenges related to grid connections.,lang,middels,BERT,0.7482
Wave power harnesses energy from the movement of ocean waves.,lang,hoy,SVM,0.7324
The cost of wind energy has decreased due to technological advances.,kort,middels,Naive Bayes,0.7831
The solar PV industry is creating jobs in manufacturing and installation.,lang,lav,BERT,0.8046
Artificial intelligence is being used to enhance energy efficiency in buildings.,lang,hoy,SVM,0.7189
Direct use geothermal systems provide heating for buildings.,kort,middels,Naive Bayes,0.7523
Battery technology advancements are reducing the cost of energy storage.,lang,hoy,BERT,0.7397
Hydropower can support grid stability by providing flexible generation.,lang,middels,SVM,0.7712
Renewable energy standards require a certain percentage of electricity from renewables.,kort,lav,Naive Bayes,0.8223
Floating offshore wind turbines are a new approach to harvesting wind energy.,lang,hoy,BERT,0.7238
Grid-scale battery storage is being deployed to support renewable integration.,lang,middels,SVM,0.7557
Electric aircraft are being developed to reduce emissions from aviation.,lang,hoy,Naive Bayes,0.7138
Renewable energy development can lead to rural economic revitalization.,lang,middels,BERT,0.7749
Wind farms can coexist with agricultural activities.,kort,middels,SVM,0.8195
Solar PV farms can have dual use as agricultural sites (agrivoltaics).,lang,hoy,Naive Bayes,0.7516
The use of hydrogen as an energy carrier is expected to grow.,lang,middels,BERT,0.7687
Electric car charging infrastructure is expanding to support increased adoption.,lang,hoy,SVM,0.7411
Battery energy storage helps balance grid fluctuations.,kort,middels,Naive Bayes,0.7953
Hydropower provides renewable energy and has a long lifespan.,lang,lav,BERT,0.8267
The costs of offshore wind have decreased as technology has improved.,lang,middels,SVM,0.7724
Solar PV capacity is expanding rapidly in many countries.,kort,hoy,Naive Bayes,0.7398
Renewable hydrogen can decarbonize hard-to-abate industrial sectors.,lang,middels,BERT,0.7472
Energy storage will play a crucial role in the future energy mix.,lang,hoy,SVM,0.7198
Offshore wind farms can be paired with aquaculture to maximize ocean use.,lang,middels,Naive Bayes,0.7625
The electrification of heating can reduce reliance on natural gas.,lang,hoy,BERT,0.7329
Geothermal heat pumps can be used for both heating and cooling.,kort,lav,SVM,0.8135
Renewable energy projects can face challenges related to land use.,lang,middels,Naive Bayes,0.7849
Battery technologies such as lithium-ion dominate energy storage.,kort,middels,BERT,0.7912
Floating solar farms can utilize reservoirs to save space on land.,lang,hoy,SVM,0.7527
Wind energy costs have fallen significantly over the last decade.,lang,middels,Naive Bayes,0.7618
The transition to renewable energy creates opportunities for innovation.,lang,hoy,BERT,0.7563
Electrolysis is used to produce hydrogen from water using electricity.,kort,lav,SVM,0.8235
Renewable energy generation can be combined with battery storage.,lang,middels,Naive Bayes,0.7394
The energy industry is evolving towards decentralized energy systems.,lang,hoy,BERT,0.7216
The electrification of transportation is essential to achieving climate targets.,lang,middels,SVM,0.7789
The development of wind and solar energy is crucial for a sustainable future.,kort,middels,Naive Bayes,0.7468
New battery chemistries are being researched to improve performance and cost.,lang,lav,BERT,0.7821
Renewable power-to-gas facilities convert surplus electricity into methane.,lang,hoy,SVM,0.7332
Electric bike usage is increasing as cities invest in cycling infrastructure.,kort,middels,Naive Bayes,0.8042
Hydropower storage capacity can help balance renewable energy supply and demand.,lang,hoy,BERT,0.7584
Renewable hydrogen can be produced using solar and wind power.,lang,middels,SVM,0.7396
Grid flexibility is key to integrating more renewable energy.,lang,hoy,Naive Bayes,0.7127
Renewable energy projects can have positive impacts on local economies.,lang,middels,BERT,0.7917
Wind energy can provide a source of income for rural landowners.,kort,middels,SVM,0.8038
Floating solar panels are increasingly used in reservoirs and lakes.,lang,hoy,Naive Bayes,0.7549
Hydrogen can be used in fuel cells to generate electricity.,kort,lav,BERT,0.8182
The cost of renewable hydrogen is expected to decline with technological advancements.,lang,middels,SVM,0.7318
Solar power can provide electricity to remote areas without grid access.,lang,hoy,Naive Bayes,0.7432
Wave energy systems can be installed along coastlines to generate power.,lang,middels,BERT,0.7824
Energy efficiency programs can reduce overall demand and lower emissions.,lang,hoy,SVM,0.7215
Battery storage is key to managing the variability of renewable energy.,kort,middels,Naive Bayes,0.8034
Wind turbines with larger blades capture more energy.,lang,middels,BERT,0.7768
Hydrogen produced from renewable electricity is known as green hydrogen.,lang,lav,SVM,0.7591
The deployment of floating wind turbines is expanding.,kort,hoy,Naive Bayes,0.7348
Renewable energy microgrids can improve energy access in developing countries.,lang,middels,BERT,0.7481
Electric tractors are being developed to reduce emissions from agriculture.,lang,hoy,SVM,0.7149
Biogas can be produced from organic waste materials.,kort,middels,Naive Bayes,0.8119
Electrification of heating is key to reducing carbon emissions from buildings.,lang,hoy,BERT,0.7389
Solar photovoltaics convert sunlight directly into electricity.,lang,middels,SVM,0.7536
Wind energy potential is greatest in regions with consistent wind speeds.,lang,lav,Naive Bayes,0.7993
The development of energy storage is crucial for renewable integration.,kort,middels,BERT,0.7629
Wave and tidal energy are less mature compared to wind and solar.,lang,hoy,SVM,0.7284
Renewable energy projects can improve local resilience to energy disruptions.,lang,middels,Naive Bayes,0.7458
Direct air capture technologies are being developed to combat climate change.,lang,hoy,BERT,0.7116
Electric vehicle batteries can be repurposed for energy storage.,kort,middels,SVM,0.8175
Solar energy systems can be installed on rooftops for decentralized power generation.,lang,hoy,Naive Bayes,0.7421
Grid integration challenges for renewables require advanced solutions.,lang,middels,BERT,0.7638
Renewable electricity can be used to produce ammonia for fertilizers.,lang,hoy,SVM,0.7196
Hydropower turbines convert flowing water into electricity.,kort,lav,Naive Bayes,0.8227
Electrification of public transportation can reduce urban air pollution.,lang,middels,BERT,0.7285
The production of renewable energy can be seasonal.,kort,hoy,SVM,0.7352
Solar thermal systems use the sun's heat to generate electricity.,lang,middels,Naive Bayes,0.7713
Electric water heaters can use renewable energy to reduce carbon emissions.,kort,lav,BERT,0.8075
Renewable energy capacity is growing faster than any other energy source.,lang,hoy,SVM,0.7473
The electrification of cooking can help reduce deforestation.,lang,middels,Naive Bayes,0.7559
Artificial intelligence optimizes grid operation with renewables.,kort,middels,BERT,0.7811
Wave power technology captures energy from ocean waves.,lang,hoy,SVM,0.7187
Renewable hydrogen production is expected to grow significantly.,lang,middels,Naive Bayes,0.7463
The use of waste heat from industry can improve energy efficiency.,lang,lav,BERT,0.7735
The development of floating solar technology is expanding rapidly.,lang,hoy,SVM,0.7381
Battery storage helps manage renewable energy intermittency.,kort,middels,Naive Bayes,0.7924
Electric vehicle charging stations are expanding globally.,lang,hoy,BERT,0.7568
The cost of solar panels has decreased due to economies of scale.,lang,middels,SVM,0.7486
Geothermal plants use steam to generate electricity.,kort,lav,Naive Bayes,0.8113
Renewable energy auctions have lowered the cost of solar and wind power.,lang,hoy,BERT,0.7439
Wind power can be generated both onshore and offshore.,lang,middels,SVM,0.7649
Solar power can be paired with battery storage to ensure reliable supply.,kort,middels,Naive Bayes,0.7837
Floating solar power plants reduce evaporation from water reservoirs.,lang,hoy,BERT,0.7296
Renewable electricity is increasingly used in chemical production.,lang,middels,SVM,0.7814
Electric vehicles can be charged using solar power.,kort,lav,Naive Bayes,0.8178
Wave energy has great potential but faces technical challenges.,lang,hoy,BERT,0.7379
Artificial intelligence is being used to manage renewable energy assets.,lang,middels,SVM,0.7551
Renewable hydrogen production can help decarbonize the chemical industry.,lang,hoy,Naive Bayes,0.7193
Hydropower remains the largest source of renewable electricity.,lang,middels,BERT,0.7689
Electrification of rail networks reduces greenhouse gas emissions.,kort,middels,SVM,0.8139
Renewable energy integration requires investments in new technologies.,lang,hoy,Naive Bayes,0.7345
Wind power is one of the most rapidly growing renewable energy sources.,lang,middels,BERT,0.7512
Floating wind farms are a promising technology for offshore energy.,lang,hoy,SVM,0.7234
Renewable energy production is becoming increasingly competitive.,kort,lav,Naive Bayes,0.7854
Electric cargo bikes are being used for urban deliveries.,lang,middels,BERT,0.7717
Wave energy projects can provide clean power to coastal communities.,lang,hoy,SVM,0.7398
Hydropower can provide backup power during grid outages.,kort,middels,Naive Bayes,0.8142
Renewable energy systems can be combined to provide hybrid solutions.,lang,hoy,BERT,0.7423
Solar panels convert sunlight into electricity through photovoltaic cells.,lang,middels,SVM,0.7539
The development of renewable energy can reduce energy import dependence.,kort,middels,Naive Bayes,0.7881
Electric vehicle adoption is increasing due to environmental concerns.,lang,hoy,BERT,0.7318
The electrification of energy-intensive industries will reduce emissions.,lang,middels,SVM,0.7696
Hydrogen storage will be key for the future hydrogen economy.,kort,lav,Naive Bayes,0.8257
Renewable energy is helping to diversify the global energy mix.,lang,middels,BERT,0.7547
The use of drones is improving the maintenance of wind farms.,lang,hoy,SVM,0.7158
The transition to renewable energy requires new grid infrastructure.,kort,middels,Naive Bayes,0.8024
Wave power could become a significant source of renewable electricity.,lang,hoy,BERT,0.7344
Artificial intelligence is helping to predict renewable energy production.,lang,middels,SVM,0.7685
Renewable energy can be more resilient to climate-related disruptions.,kort,lav,Naive Bayes,0.8192
Geothermal power can be used for both electricity and direct heating.,lang,hoy,BERT,0.7286
The use of smart meters is increasing to manage electricity consumption.,lang,middels,SVM,0.7629
Renewable energy technologies are becoming more cost-effective.,kort,hoy,Naive Bayes,0.7391
The cost of renewable hydrogen is decreasing with new technologies.,lang,middels,BERT,0.7618
Wind farms can contribute to local economies through lease payments.,lang,lav,SVM,0.7457
Battery electric vehicles are gaining market share over internal combustion engines.,kort,middels,Naive Bayes,0.7845
Solar energy can reduce electricity costs for households.,lang,hoy,BERT,0.7592
Electrification of buses can significantly reduce emissions in cities.,lang,middels,SVM,0.7428
Renewable energy sources are key to achieving carbon neutrality.,kort,lav,Naive Bayes,0.8324
Ocean energy technologies harness power from waves, tides, and currents.,lang,middels,BERT,0.7475
Hydrogen-powered trains are being developed as an alternative to diesel.,lang,hoy,SVM,0.7183
The deployment of renewables is reshaping the energy landscape.,lang,middels,Naive Bayes,0.7572
Electric heat pumps are an efficient way to heat homes.,kort,middels,BERT,0.7798
Floating solar PV projects are being developed in Asia.,lang,hoy,SVM,0.7341
Wind and solar power can be combined to create hybrid energy systems.,lang,middels,Naive Bayes,0.7429
Renewable electricity can be used to produce synthetic fuels.,lang,hoy,BERT,0.7385
Renewable energy costs are projected to continue to fall.,kort,middels,SVM,0.7816
The electrification of industrial heating is a key step in decarbonization.,lang,hoy,Naive Bayes,0.7464
Energy storage capacity is increasing as battery technology advances.,lang,middels,BERT,0.7687
The development of smart grids is essential for managing renewable energy.,lang,hoy,SVM,0.7254
Wave power has the potential to be a reliable source of renewable energy.,kort,middels,Naive Bayes,0.8121
Renewable energy integration is improving with the use of digital technologies.,lang,middels,BERT,0.7531
The cost of wind turbines is decreasing due to economies of scale.,lang,hoy,SVM,0.7374
Offshore wind farms can provide renewable energy close to coastal cities.,kort,lav,Naive Bayes,0.8014
Battery recycling is important for managing the environmental impact of EVs.,lang,middels,BERT,0.7468
Hydropower dams can also provide flood control benefits.,lang,hoy,SVM,0.7281
Renewable energy is increasingly seen as an economic opportunity.,kort,middels,Naive Bayes,0.7594
Electric motors are more efficient than internal combustion engines.,lang,lav,BERT,0.7812
Renewable energy cooperatives allow communities to own energy production.,lang,hoy,SVM,0.7317
Solar power is becoming an essential part of energy security.,kort,middels,Naive Bayes,0.8047
Floating offshore wind technology is advancing rapidly.,lang,middels,BERT,0.7524
Electric vehicles have lower operating costs compared to gasoline vehicles.,lang,hoy,SVM,0.7393
The development of energy storage is critical for renewable energy adoption.,lang,hoy,Naive Bayes,0.7182
Hydropower plants can adjust their output to meet fluctuating energy demand.,kort,middels,BERT,0.7961
Artificial intelligence is being used to optimize solar farm operation.,lang,hoy,SVM,0.7452
Renewable energy provides opportunities for rural areas to develop.,lang,middels,Naive Bayes,0.7614
Electrification of space heating is reducing reliance on fossil fuels.,lang,hoy,BERT,0.7289
The expansion of renewable energy is driving economic growth.,kort,middels,SVM,0.7894
Wind energy projects are creating jobs in rural areas.,lang,hoy,Naive Bayes,0.7519
Renewable hydrogen is produced through the electrolysis of water.,lang,middels,BERT,0.7435
The cost of battery storage is decreasing, enabling more renewable use.,lang,hoy,SVM,0.7338
Electricity generation from tidal power is still in the early stages.,kort,lav,Naive Bayes,0.8058
Renewable energy sources are key to reducing greenhouse gas emissions.,lang,middels,BERT,0.7517
Hydropower reservoirs can store energy for long periods.,lang,hoy,SVM,0.7287
Wind power is expected to continue growing as a key renewable energy source.,kort,middels,Naive Bayes,0.7915
The development of solar power is accelerating in many countries.,lang,middels,BERT,0.7438
Energy storage solutions are helping to increase renewable penetration.,lang,hoy,SVM,0.7151
Renewable electricity can power electric heat pumps for home heating.,kort,middels,Naive Bayes,0.8082
Wave energy has the potential to contribute significantly to global energy.,lang,hoy,BERT,0.7284
Renewable energy deployment is often influenced by government policies.,lang,middels,SVM,0.7491
Electrification of home heating helps reduce overall emissions.,kort,lav,Naive Bayes,0.8229
Hydropower facilities can provide both energy and recreational benefits.,lang,middels,BERT,0.7591
Electric vehicles are part of the transition to cleaner energy systems.,lang,hoy,SVM,0.7365
Renewable energy microgrids are being used in remote areas.,kort,middels,Naive Bayes,0.7921
Wind power is becoming one of the most economical energy sources.,lang,middels,BERT,0.7659
Renewable energy production is crucial for long-term energy security.,lang,hoy,SVM,0.7231
The electrification of heating is key to reducing carbon emissions.,kort,hoy,Naive Bayes,0.7512
Solar power plants are being developed in desert regions to maximize output.,lang,middels,BERT,0.7392
Battery storage is essential for supporting the renewable energy grid.,lang,hoy,SVM,0.7174
Renewable hydrogen could play a major role in future energy systems.,lang,middels,Naive Bayes,0.7613
Renewable energy integration can improve with the use of microgrids.,lang,hoy,BERT,0.7426
Solar PV has seen rapid growth due to declining costs and government incentives.,kort,middels,SVM,0.7742
Electric trucks can help reduce greenhouse gas emissions from logistics.,lang,hoy,Naive Bayes,0.7289
Renewable hydrogen can be used to store and transport energy.,lang,middels,BERT,0.7464
The electrification of industries is part of the broader energy transition.,lang,hoy,SVM,0.7395
Wave power has potential but requires further research and development.,kort,lav,Naive Bayes,0.7814
Hydropower provides a renewable and flexible source of electricity.,lang,middels,BERT,0.7338
Solar energy can be converted into heat for residential and industrial use.,lang,hoy,SVM,0.7219
Renewable energy generation is increasingly being paired with energy storage.,kort,middels,Naive Bayes,0.8027
Electric motorcycles are growing in popularity as an emission-free alternative.,lang,hoy,BERT,0.7382
Renewable hydrogen production costs are falling due to new technologies.,lang,middels,SVM,0.7514
Battery storage is helping to integrate more renewable energy into the grid.,kort,lav,Naive Bayes,0.8163
Floating solar farms are being used to increase renewable energy capacity.,lang,hoy,BERT,0.7468
Wind energy projects can provide income for farmers through lease agreements.,lang,middels,SVM,0.7349